From\To(km),Colombo,Kandy,Galle,Nuwara Eliya,Anuradhapura,Polonnaruwa,Sigiriya,Dambulla,Ella,Trincomalee,Jaffna,Negombo,Matara,Bentota,Arugam Bay,Hikkaduwa,Mirissa,Batticaloa,Kalpitiya,Hambantota,Badulla,Mannar,Matale
Colombo,0,115,120,195,205,235,225,215,235,255,405,37,165,65,320,130,150,280,110,235,420,195,75
Kandy,115,0,240,75,155,185,115,105,110,240,370,150,280,180,290,255,275,265,220,220,375,285,40
Galle,120,240,0,320,330,360,350,340,370,390,525,155,45,55,440,35,25,430,230,370,540,340,310
Nuwara Eliya,195,75,320,0,235,265,195,185,45,320,450,230,400,260,370,385,405,345,300,95,465,365,115
Anuradhapura,205,155,330,235,0,65,90,80,220,140,205,240,395,265,115,355,375,145,85,285,110,75,155
Polonnaruwa,235,185,360,265,65,0,30,35,250,75,235,270,425,295,45,385,405,80,115,315,140,105,185
Sigiriya,225,115,350,195,90,30,0,25,235,125,225,255,415,285,100,375,395,65,105,305,130,95,170
Dambulla,215,105,340,185,80,35,25,0,225,115,215,245,405,275,90,365,385,55,95,295,120,85,160
Ella,235,110,370,45,220,250,235,225,0,335,465,255,430,290,385,400,420,360,315,65,480,375,125
Trincomalee,255,240,390,320,140,75,125,115,335,0,250,290,460,330,85,415,435,35,185,370,155,175,230
Jaffna,405,370,525,450,205,235,225,215,465,250,0,440,615,485,335,565,585,285,335,520,50,325,370
Negombo,37,150,155,230,240,270,255,245,255,290,440,0,200,25,375,165,185,325,145,270,455,230,185
Matara,165,280,45,400,395,425,415,405,430,460,615,200,0,105,485,65,45,475,275,415,590,385,350
Bentota,65,180,55,260,265,295,285,275,290,330,485,25,105,0,425,75,95,365,155,295,505,265,215
Arugam Bay,320,290,440,370,115,45,100,90,385,85,335,375,485,425,0,475,495,50,250,390,205,270,290
Hikkaduwa,130,255,35,385,355,385,375,365,400,415,565,165,65,75,475,0,25,445,225,385,560,355,325
Mirissa,150,275,25,405,375,405,395,385,420,435,585,185,45,95,495,25,0,465,245,405,580,375,345
Batticaloa,280,265,430,345,145,80,65,55,360,35,285,325,475,365,50,445,465,0,210,375,165,235,255
Kalpitiya,110,220,230,300,85,115,105,95,315,185,335,145,275,155,250,225,245,210,0,285,245,115,220
Hambantota,235,220,370,95,285,315,305,295,65,370,520,270,415,275,390,385,405,375,285,0,535,445,255
Badulla,420,375,540,465,110,140,130,120,480,155,50,455,590,505,205,560,580,165,245,535,0,400,370
Mannar,195,285,340,365,75,105,95,85,375,175,325,230,385,255,270,355,375,235,115,445,400,0,275
Matale,75,40,310,115,155,185,170,160,125,230,370,185,350,215,290,325,345,255,220,255,370,275,0
